subject,calm,calm_frames,smiling,smiling_frames,eyes_on_game_or_tutor,eyes_on_game_or_tutor_frames,responding_to_game,responding_to_games_frames,visibly_excited,visibly_excited_frames,touching_head_or_face,touching_head_or_face_frames,total_frames,focus_ratio,calm_ratio,smiling_ratio,response_ratio,excited_ratio,touching_face_ratio,avg_focus_duration,avg_response_duration,avg_face_touch_duration,positive_engagement_index,stress_index
bh01,43,3104,30,1396,100,6409,59,3483,45,1689,6,0,16081,0.4,0.19,0.09,0.22,0.11,0,64.09,59.03,0,0.6,0.6
bh02,18,2828,13,3241,23,6096,14,4986,0,0,7,1911,19062,0.32,0.15,0.17,0.26,0,0.1,265.04,356.14,273,0.49,0.78
bh03,18,1335,172,9706,223,14005,218,12854,87,3723,59,2633,44256,0.32,0.03,0.22,0.29,0.08,0.06,62.8,58.96,44.63,0.62,0.74
bh04,0,0,0,0,11,1709,6,1358,1,16,0,0,3083,0.55,0,0,0.44,0.01,0,155.36,226.33,0,0.56,0.45
bh05,39,6116,1,0,41,7832,32,4692,0,0,0,0,18640,0.42,0.33,0,0.25,0,0,191.02,146.62,0,0.42,0.58
bh06,0,0,5,2138,5,2138,4,1359,5,2138,0,0,7773,0.28,0,0.28,0.17,0.28,0,427.6,339.75,0,0.84,0.72
na01,22,31574,19,10316,35,38274,21,29505,5,2120,3,309,112098,0.34,0.28,0.09,0.26,0.02,0,1093.54,1405,103,0.45,0.66
na02,1,1109,4,3069,20,20626,18,17105,6,2918,5,382,45209,0.46,0.02,0.07,0.38,0.06,0.01,1031.3,950.28,76.4,0.59,0.55
na03,14,28376,11,3815,48,60146,31,64795,10,4066,47,39645,200843,0.3,0.14,0.02,0.32,0.02,0.2,1253.04,2090.16,843.51,0.34,0.9
na04,0,0,0,0,1,601,1,601,0,0,0,0,1202,0.5,0,0,0.5,0,0,601,601,0,0.5,0.5
na05,6,7540,23,3435,64,19108,41,3016,8,618,2,631,34348,0.56,0.22,0.1,0.09,0.02,0.02,298.56,73.56,315.5,0.68,0.46
na06,0,0,0,0,3,430,0,0,0,0,0,0,430,1,0,0,0,0,0,143.33,0,0,1,0
na07,23,47899,0,0,21,46619,90,4440,1,65,24,7653,106676,0.44,0.45,0,0.04,0,0.07,2219.95,49.33,318.88,0.44,0.63
na08,40,13460,0,0,42,22432,77,3260,0,0,9,2209,41361,0.54,0.33,0,0.08,0,0.05,534.1,42.34,245.44,0.54,0.51
na09,1,3137,0,0,1,3137,1,3137,0,0,0,0,9411,0.33,0.33,0,0.33,0,0,3137,3137,0,0.33,0.67
na10,0,0,0,0,0,0,0,0,0,0,0,0,0,0,0,0,0,0,0,0,0,0,0,1
na11,0,0,0,0,0,0,0,0,0,0,0,0,0,0,0,0,0,0,0,0,0,0,0,1
na12,0,0,4,371,31,15703,47,30041,6,627,0,0,46742,0.34,0,0.01,0.64,0.01,0,506.55,639.17,0,0.36,0.66
na13,0,0,10,1766,25,15344,33,262,11,4921,0,0,22293,0.69,0,0.08,0.01,0.22,0,613.76,7.94,0,0.99,0.31
na14,0,0,6,672,27,15293,20,19099,2,286,0,0,35350,0.43,0,0.02,0.54,0.01,0,566.41,954.95,0,0.46,0.57
na15,22,13043,14,5550,35,20742,8,5304,0,0,23,16008,60647,0.34,0.22,0.09,0.09,0,0.26,592.63,663,696,0.43,0.92
na16,42,31538,27,10699,49,36166,19,21246,17,10503,4,1743,111895,0.32,0.28,0.1,0.19,0.09,0.02,738.08,1118.21,435.75,0.51,0.7
rs01,31,19002,0,0,31,19002,28,17619,0,0,1,24,55647,0.34,0.34,0,0.32,0,0,612.97,629.25,24,0.34,0.66
rs02,15,9163,4,840,27,14344,26,12171,7,1450,3,3317,41285,0.35,0.22,0.02,0.29,0.04,0.08,531.26,468.12,1105.67,0.41,0.73
rs03,6,18665,0,0,6,18665,6,18665,0,0,1,234,56229,0.33,0.33,0,0.33,0,0,3110.83,3110.83,234,0.33,0.67
rs04,1,2738,0,0,11,7641,10,7569,0,0,5,3225,21173,0.36,0.13,0,0.36,0,0.15,694.64,756.9,645,0.36,0.79
wm01,2,1032,6,4583,23,12466,19,9626,8,4722,2,305,32734,0.38,0.03,0.14,0.29,0.14,0.01,542,506.63,152.5,0.66,0.63
wm02,0,0,1,549,46,30425,40,37459,21,23063,22,5481,96977,0.31,0,0.01,0.39,0.24,0.06,661.41,936.48,249.14,0.56,0.75
wm03,0,0,1,1003,12,20095,11,20780,1,2277,3,951,45106,0.45,0,0.02,0.46,0.05,0.02,1674.58,1889.09,317,0.52,0.57
wm04,0,0,0,0,16,13627,6,2277,0,0,23,16167,32071,0.42,0,0,0.07,0,0.5,851.69,379.5,702.91,0.42,1.08
wm05,0,0,0,0,49,18031,52,27267,0,0,4,1419,46717,0.39,0,0,0.58,0,0.03,367.98,524.37,354.75,0.39,0.64
wm06,0,0,0,0,27,24843,21,38567,0,0,0,0,63410,0.39,0,0,0.61,0,0,920.11,1836.52,0,0.39,0.61
wm07,0,0,0,0,0,0,0,0,0,0,0,0,0,0,0,0,0,0,0,0,0,0,0,1
wm08,0,0,0,0,1,16307,1,16520,0,0,1,1230,34057,0.48,0,0,0.49,0,0.04,16307,16520,1230,0.48,0.56
wm10,0,0,0,0,8,45152,8,46684,0,0,2,895,92731,0.49,0,0,0.5,0,0.01,5644,5835.5,447.5,0.49,0.52
saw01,26,18685,16,11015,39,26172,23,17900,0,0,6,2831,76603,0.34,0.24,0.14,0.23,0,0.04,671.08,778.26,471.83,0.48,0.7
